text,label,notes,ai_pre_labeled
It's the best game of all time so yes,Opinion,The Subjectivity Check: Purely a statement of personal belief.,TRUE
Hopefully they don't bastardize it like the 3DS remake,Opinion,The Subjectivity Check: A subjective feeling about the previous remake.,TRUE
Oh i heard that I just hope the time loop resetting isn't that bad as people told me,Opinion,The Subjectivity Check: Expresses a personal hope/feeling about a mechanic.,TRUE
Your tags aren't working properly ;),Opinion,,TRUE
"I know, but i have no idea why reddit isnt cooperating. Best i can tell is have the correct tag code.",Opinion,,TRUE
"You put a backslash in front of it, that tells reddit to ignore your tag code.",Opinion,The 'Because' Test: Explains how Reddit markdown mechanics work as evidence.,TRUE
"I don't know what to tell you, it had one when I clicked your comment Source.",Opinion,,TRUE
"Yes. If you need help, there are guides online.",Opinion,,TRUE
"When I played it as a kid I needed a guide just for one section. It's definitely worth playing, but if you get stuck there's no shame in getting help.",Opinion,The Subjectivity Check: Personal anecdote with no game evidence attached.,TRUE
"To answer your first question it's absolutely worth playing, to address your second query no this isn't the right place to ask this",Opinion,,TRUE
Is better than Tears of the kingdom... Is the best Zelda of all the franchise. It's worth it.,Opinion,The Subjectivity Check: Purely a statement of personal preference.,TRUE
It is a pretty great game but damn is it hard without any help. I also played it as my second Zelda after Ocarina of Time and i needed to google stuff a lot more compared to OOT and other games in general.,Opinion,The Subjectivity Check: Describes personal difficulty without explaining why with mechanics.,TRUE
"Very unique experience that complements OOT, they're Zelda's Yin and Yang. Playing them was one of my best gaming experiences ever.",Opinion,The Subjectivity Check: States personal feelings about the experience.,TRUE
"It's worth playing if you like feeling lost in a dream, and you enjoy waiting, repeating, and wondering.",Opinion,The Subjectivity Check: Summarizes the vibe subjectively.,TRUE
"100%, its a very unique Zelda game. I would just go in with an open mind. It's not your typical Zelda game.",Opinion,,TRUE
Absolutely and you don't need a guide.,Opinion,,TRUE
"Sure, now I doubt this is accessible to you, but it's probably a better idea to play the 3DS version if you can",Opinion,,TRUE
Beating the main story without a guide is easy. 100% is a pain. I would never be able to.,Opinion,The Subjectivity Check: States personal capability and feelings.,TRUE
"Considering it's one of the best pieces of art in the history of our planet, yes.",Opinion,The Subjectivity Check: Pure hyperbole and subjective claim.,TRUE
Except Tatl almost never said anything useful.,Opinion,,TRUE
"Yes. It's one of the greatest games of all time and more forgiving than you'd expect. I'm shocked you struggled with Ocarina of Time though, what gave you trouble?",Opinion,,TRUE
"Yes, I think that is it.",Opinion,,TRUE
"Yes, that's what I meant.",Opinion,,TRUE
I'm sure Nintendo put as much thought into this as you have,Opinion,,TRUE
Do I need a switch 2 to play?,Opinion,,TRUE
They keep doing things that make me realize I need a Switch 2,Opinion,,TRUE
Nintendo is very good at things like that.,Opinion,,TRUE
Zelda game is the standard to determine when (or if) I buy a new console.,Opinion,,TRUE
"Might as well get one now. It won't be getting any cheaper, likely quite the opposite",Opinion,,TRUE
Yeah it's called marketing,Opinion,,TRUE
Agreed. Playing via keyboard and mouse is,Opinion,,TRUE
"The 3ds version? Hardly a remake, imo.",Opinion,,TRUE
"It was a full remake of the game, 'remake' is a broad term",Opinion,,TRUE
"There are so many people in the Zelda community, myself included, that prefer by far Botw over totk",Opinion,,TRUE
Maybe?,Opinion,,TRUE
That neglects the second part of my statement tho,Opinion,,TRUE
The live action Lion King didn't replace the animated original,Opinion,,TRUE
This comparison makes me say that they shouldn't make new one. Maybe use a different comparison that doesn't cause instant revulsion.,Opinion,,TRUE
"Personally, I don't really care about a remake replacing the original unless the remake sucks and makes people think the game was always bad. OOT doesn't need a remake, but I think it deserves one.",Opinion,,TRUE
"If you dont want a remake, simply dont buy it. Meanwhile, the rest of us will enjoy this remake and have a great time.",Opinion,,TRUE
"Dude, 1998 was almost 30 years ago. I'd actually love if they remade the original Legend of Zelda, because I would be able to enjoy it more. It's hard for me to play the original because I didn't grow up with those types of games",Opinion,,TRUE
"Whether you think it needs a remake or not doesn't matter. Nor does whether or not I think it needs a remake. You don't lose anything from its existence. The original is still there for you to play if you want, and to not play if you don't want. You can safely ignore the remake if you want, and the fact that it exists will have zero impact on your life.",Opinion,,TRUE
YOU'RE WRONG GIVE ME THE OCARINA OF TIME IN HD NINTENDO!!!,Opinion,,TRUE
"See, I think it's a masterclass of LoZ and should be refreshed and reborn every few generations. For eternity. It deserves it.",Opinion,,TRUE
"It's not just about playability it's equally for the culture, 'a remake would tarnish Nintendo's reputation' what kind of grass in god's green acres are you smoking",Opinion,,TRUE
"The way I see it, the remake doesn't need to be better or worse than the original. It's gonna be a blast to play and see how the creators originally envisioned the world in their minds. It's just for fun.",Opinion,,TRUE
"You can always play the OG. It will not magically be erased from history. For context, I played the game on launch year, 98, when it came out.",Opinion,,TRUE
"This is so childish. Grow up. Remakes do not remove the original from existence. That's not how reality works. On top of that, the original game is not perfect nor does it age all that well. It ages pretty poorly, actually.",Opinion,,TRUE
N64 OoT was ugly. OoT3D is my preferred way to play. Im looking forward to what the remake will bring.,Opinion,,TRUE
I personally don't get how some people won't play a game because it's older. We don't do that with books or movies. I get stuff can age but good games almost always stay good,Opinion,,TRUE
Not at all. People still go back to play FF7 despite the remake series. You can enjoy both. Please stop,Opinion,,TRUE
"Completely agree with that take. The next Zelda game has the potential to be 'the' definitive Zelda game. They're just scared to throw in new ideas or concepts, and the since the remake will probably sell very well, that will just comfort them in their position.",Opinion,,TRUE
"Yep, 100% agree",Opinion,,TRUE
"Is this from the English version of Masterworks, or is it a translation?",Opinion,,TRUE
May I ask why you feel it doesn't properly line up with BotW?,Opinion,,TRUE
"I think it'll also create a larger appreciation for the original as well. Not to say that the remake will be bad, but it'll reignite discussions and interest in the original as a subject of comparison and appreciation. It already has. It'll be reshapen into a more special relic.",Opinion,,TRUE
"Agreed. My take is also just, across the board, older media is already not super in the public consciousness anyway. Especially in franchises that go on for decades.",Opinion,,TRUE
"Actually, I need everyone to agree with my opinions so I know I've formed the correct ones.",Opinion,,TRUE
"I mean they did already remake it once and it's still gonna be on NSO so new players can experience it if they want. Remakes have gotten me to play original games in the past. The more people who get to experience OoT, the better imo.",Opinion,,TRUE
"Look, I've been playing Zelda since the NES, and OoT is my favourite game. But this isn't a real issue or problem, it's just loyalty to your own childhood. Same way codgers complain that real music ended in 1975 or whatever. Times change, and yet the original OoT will always be there for you to enjoy. It doesn't actually matter if Kids These Days don't appreciate it. In any case a remake just keeps OoT in the zeitgeist, so that Kids These Days can discover it. It's the opposite of what you're saying.",Opinion,,TRUE
"I think OOT will be incredible, the LA remake was flawless imo. If OOT is anything less than incredible I'll be very sad. MM in 4k has the potential, at least, to be genuinely unsettling if they get it right. Let's hope they are chipping away at OOT as we speak getting it ready to smash the video game charts to bits eh.",Opinion,The Subjectivity Check: Mostly expressions of hope and personal feelings about the remake.,TRUE
"It truly is, where do you sit with the obvious upcoming remake that will undoubtedly follow the OOT remake? I'm extremely excited tbh, although, I don't think it can replace the OG imo. A truly epic game :)",Opinion,The Subjectivity Check: Expresses excitement and personal feelings without providing evidence.,TRUE
"I think if you don't think Nintendo should make it, then you shouldn't buy or play it. I've never understood the mindset that a new version of a thing puts the original thing at risk, because it frankly doesn't. There can be a new version of the thing, and you can choose not to indulge in it. And you can always go back and play the original version of the thing.",Opinion,,TRUE
"The original is already dated, I believe it already served its own cicle. Already geneal gamers won't give it their time because it's a 30 year old game no matter its credentials. Those who are real oot fans have it on their hearts and will keep on doing so, and will play the remake with passion lol.",Opinion,,TRUE
"I agree but I also don't mind a remake as long as it's faithful and keeps the spirit of the original. The tone, magic, darkness, and adventure. I would have preferred the game to look like the artwork but I'm open to seeing more of this newer art style",Opinion,,TRUE
"OOT holds up more than well enough with the 3ds version. Remaking it is nothing more than a creatively lazy approach to grab easy money. Once again instead of a new game in the classic formula, they put out a remake/remaster. How many years has it been without an oldschool zelda at this point?",Opinion,,TRUE
Why would the next Zelda game be more 'the' definitive Zelda game than any of the previous Zelda games that came out?,Opinion,,TRUE
"That's how it's been since the inception of games consoles, more or less. Older consoles eventually stop being supported as developers utilise the latest technology.",Opinion,,TRUE
"I think it's okay to remake games. My thing is outside of Zelda 2 or MM etc, they tend to be a bit same-y. Obviously it's a more extreme example but I would question the point of remaking a Mario kart game. I feel slightly like that. Not on that level but Maybe just make a new game that riffs on OoT a lot more closely and tie it into the plot and actually have the timeline serve a purpose. Make OoT the history of the new game. Make it meaningful that those events happened.",Opinion,,TRUE
"I think this is actually necessary to discover what Zelda's soul actually is. I dont think BotW is its future or should be. It was a fun sidequest and break for the Zelda team, now it's time to go back to games like OoT and see what makes Zelda 'Zelda'. OoT is the perfect candidate because it set up so much for what came after in the 3D space.",Opinion,,TRUE
"I am truly confused because i do not see a backslash anywhere in my post...(viewing on mobile OS), even when i copy paste to a different app and back. Edit: Apparently it didnt like the line break at the start of the spoiler tag. Never run into that before...",Opinion,,TRUE
"I love the music of OOT as it is. The art style is fine. It is just personal taste, but I have such fond nostalgia for N64 aesthetics and don't particularly like super duper realistic animation styles. For me, simpler is better. So I don't see those aspects as holding the original game back any. I guess some landscape and background textures could use more detail. But I like my angular polygon characters, they are cute like that.",Opinion,,TRUE
Maybe so. It's just a bit silly to me personally. Like there's a difference between getting used to tank controls in Resident Evil and playing Sly Cooper on PS2 or watching Jurassic Park. But yeah I acknowledge I might be in the minority here,Opinion,,TRUE
"I kind of agree. I think the original OOT is as close to a perfect game as you can get, so I think a remake is more likely to be a little worse than better than perfect, just because those standards are so high. Take BOTW and TOTK - I thought BOTW was the best game, but TOTK felt disappointing to me because it suffered from the comparison of being too much more of the same thing, even though it isn't bad.",Opinion,,TRUE
The remake will sell great for sure and then they will presumably move to more needless remakes instead of doing anything new with the old formula. Will they eventually remake the remakes or remaster the remasters because the next generation didn't grow up with the prior remakes/remasters? Where does it end?,Opinion,,TRUE
"If they mean to change things a lot, they may as well make a new game at that point, but that is not as easy as remaking an extremely popular entry. The thing is, a new game in that style would do very well if it was as good as zelda typically is. It could easily become the top selling oldschool zelda. At the very least it would blow past echoes of wisdom, links awakening, or skyward sword.",Opinion,,TRUE
"They have the resources and talent to make a game like that in addition to the open world games, and the brand is popular as hell, and yet they won't even try to make something new with the ALTTP/OOT direction.",Opinion,,TRUE
"TLDR: i love ocarina of time. It was the first time that a zelda game really clicked and resonated with me. A remake is something I could very well love for the game, but I really think that it's going to at least influence a bad precedent where nintendo leans more and more into the creatively bankrupt remake trend at the expense of new games. Just make a new game that succeeds OOT instead of once again milking the nostalgia of that game.",Opinion,,TRUE
REmake 1?,Opinion,,TRUE
Not really. Just like how Ocarina doesn't make LTTP obsolete. But we are talking the same game but updated,Opinion,,TRUE
"Not really, theres differences, but I also acknowledge im not the casual consumer.",Opinion,,TRUE
"It's the problem that OoT is the kingpin of the series. It very important. Even without nostalgia talk. Any time the new one comes out, it will be the relevant version in media. So you'll have to clarify which version you're referring to in any future discussions. New players will assume you're talking about the remake anytime its brought up.",Opinion,,TRUE
"And if they somehow mess it up? The legacy gets tarnished because of the sour taste left behind. This happened easily with Sonic Colors getting a trash port on the Switch (not that it didn't have og haters as well, but more people were willing to criticize it after that).",Opinion,,TRUE
"You can even see it with BotW after TotK's release. They're far too similar that Totk commonly gets people to say there's no need to play BotW. The sequel existing, forever being compared to the prequel's foundation, ruins the quality and legacy of both of them.",Opinion,,TRUE
There's a lot of psychological and cultural weight to this.,Opinion,,TRUE
Because it's missing.,Opinion,,TRUE
"So where does 'Long Ago - Era of Myths' go on the Totk Timeline? I say between creation and Era of the Gods. But if you're asking where it is, nowhere. It's not on there.",Opinion,,TRUE
Zelda's mom dying isn't a little tidbit only found in CaC that was retconned.,Opinion,,TRUE
"I highly doubt the devs intended CaC to confirm any timeline placement, especially with the same book saying history cannot be discerned from myth. Honestly I'm more willing to accept another split where Ocarina's Link stayed in the adult timeline instead of Hyrule falling and being refounded with most things the same.",Opinion,,TRUE
"I think it could work as a true founding because the people who make these games don't put as much thought into the detail as we do. With that said they officially have it separated from the rest of the timeline and developer interviews from BotW were pretty adamant about how a lot was ambiguous to encourage speculation. A dev also said it could possibly be a refounding, but he emphasized 'possibly'.",Opinion,,TRUE
"Totk, and therefore Mastworks, only concerns itself with it's own story. It doesn't bother with other eras from other games. So when it says that this is the founding of Hyrule, it just it. The idea of a re-founding is a fan generated idea to accommodate this with existing lore, it's not something you'll find written into Totk or related text",Opinion,,TRUE
"I'm confused, why are you arguing with Urbosa? We don't need to go into any of that in the first place because Urbosa says 'Calamity Ganon once adopted the form of a Gerudo'. You're basically saying 'well that makes no sense that you remember that because...' and it doesn't really matter, right?",Opinion,,TRUE
"I'm not sure why what I said would make it 'not matter', it would still be relevant if the zonai were just the ancestors of this batch of Hylians. I still stand by what I said about it not being presented in a credible manner.",Opinion,,TRUE
I don't see what these two sentences have to do with each other?,Opinion,,TRUE
"I didn't say it was. I said that OOT would still be a myth to place on the timeline, but it's not on there because OOT was referenced as the source of the Calamity and that has been retconned.",Opinion,,TRUE
"No, it's because the 'era of myth' covered OOT Ganondorf as the source of Calamity Ganon and that has been retconned.",Opinion,,TRUE
"If what you say were true, OOT would be after the founding era and before 10,000 years ago on the timeline, but that's not the case.",Opinion,,TRUE
You don't think REmake 1 makes Resident Evil obsolete? That's my main rebuttal to your claim,Opinion,,TRUE
You can make the argument that just making RE2 makes Resident Evil obsolete though.,Opinion,,TRUE
Not really. Just like how Ocarina doesn't make LTTP obsolete. But we are talking the same game but updated,Opinion,,TRUE
"if majoras mask is worth playing and going in without a guide at all. yes and yes 10 year olds without internet conquered the game, you'll be fine",Argument,The 'Because' Test: Uses historical player base and lack of internet as reasoning.,TRUE
The game contains its own guide,Argument,Benefit of the Doubt: Refers to an in-game mechanic (the Bomber's Notebook/Tatl).,TRUE
yeah we bought the Nintendo Power Official Strategy Guide instead. great book,Argument,The Subjectivity Check: Personal anecdote and preference.,TRUE
"I'm not yet convinced that they'll do it. Depends really on what OOT will be like. If they do it and it becomes more than a direct remake, it'll be exciting how they translate the themes. Afaik the western reading and the eastern reading of MM can be quite different. personally I'm worried if the colourful yet moody vibes work just as well in the AAA 4k HD realism-adjacent style that the OOT teaser implies.",Argument,The 'Because' Test: Uses development themes (western vs eastern reading) and art style transitions as reasoning.,TRUE
"Yeah hopefully not, I haven't played the 3DS and doubt I ever will. LA was my first ever Zelda game on OG Gameboy and the remake I really enjoyed every second of it. It will be interesting see if any gameplay will be added to OOT that may have been left out due to system constraints of the N64. I hope there is some form of DLC, I never played the Master quest so I'm excited to see how it's all packaged together.",Argument,The Subjectivity Check: Summarizes personal gaming history and hopes without structured argument.,TRUE
"It's an added challenge, sure, but just like any hard game the rewards feel greater. Still, sometimes people exaggerate how hard the game is. It's definitely harder than ocarina but a lot of us beat it as kids anyways so it's not impossible.",Argument,The 'Because' Test: Uses the comparison to Ocarina and the historical context of beating it as kids to justify the stance on difficulty.,TRUE
"It's a gameplay mechanic. Just like any other game, it will become second nature and not a stressor once you grasp it. MM is from the golden age, if you enjoy Zelda games, it is a must play.",Argument,The 'Because' Test: Explains why it isn't bad by breaking down how the gameplay mechanic becomes second nature.,TRUE
I found the time loop really engaging. The part I had a harder time with was some of the context specific controls have the N64 rank built into them. But the time resets adds a layer of strategy and tension that most other Zeldas lack,Argument,The 'Because' Test: Cites N64 controls and the strategic layer of time resets to back up the claim.,TRUE
The game gives you tools to make it work. Do not start a dungeon on the second or third day and you'll be fine.,Argument,The 'Because' Test: Directly uses the day cycle game mechanic as evidence.,TRUE
"It's not 'modern day friendly' where it makes everything a convenience. But the system is well thought out so you can't cheese a segment in a day. You mess up, you gotta restart the day. That's part of the challenge. But it's an excellent game with soo much depth both in gameplay and narrative. It's dark and creepy and wonderful. It's about loss and hope at the same time.",Argument,The 'Because' Test: Mentions restarting days and specific thematic narrative elements (loss and hope) as evidence.,TRUE
"Even then, messing up is relative. There's always something achievable in every cycle. Grinding rupees for the bank, getting a new note in your book, or sometimes just spending time following a specific character around and seeing what they do!",Argument,"The 'Because' Test: Uses specific gameplay elements (bank, bomber's notebook, NPC schedules) to prove the point.",TRUE
If you have NSO on switch it has save states which makes it less daunting,Argument,Benefit of the Doubt: Uses the NSO save state feature as verifiable evidence.,TRUE
Just use the reverse song of time and it is never an issue like ever.,Argument,The 'Because' Test: Specifically cites the reverse song of time mechanic.,TRUE
"The time limit doesn't necessarily make it harder, it just changes how you approach the games and puzzles. The time limit is more of a mechanic about making choices for a given cycle rather than a difficulty stressor. It's a really unique mechanic that makes this game stand apart, and it's worth trying through the first dungeon to get a feel for if you want to keep going. It also tells some beautiful and poignant stories, and you really get attached to that world. No game spoilers, but some mechanics descriptions that i spoiler tagged in case you wanted a truly blind experience and only wanted a 'yes-no' above. The game is built around a 3 day cycle where you choose what you want ti accomplish. It's a lot more time than it sounds like, and there are ways to further manipulate time. And it's not a true 'reset'. Certain items, consumable resource items like arrows, bombs, rupees reset, but progression and major items are saved. (There's also a mechanism to accumulate rupees between cycles.) Things like dungeon puzzles will reset, but the items you get will act as shortcuts so if you do run out of time you aren't starting from scratch, and you can rematch bosses. Certain character events have multiple outcomes where you can make different things happen on different cycles to collect everything",Argument,"The 'Because' Test: Provides an extensive breakdown of the 3-day cycle, items, and progression mechanics.",TRUE
"It's a great game, but you should go into it with the right headspace: There is a time limit, but there are also checkpoints in the form of progress you can take with you to future loops, as well as ocarina songs that slow down time, so it's pretty forgiving. Still, it's fun to go in with a speedrunner's mindset at times, especially if you're trying to collect the 'stray faeries' in a dungeon, which must be done in a single loop. The vibe is a little dark. Embrace the gloomy atmosphere. Some side quests require you to be at the right place at the right time, and it's not always intuitive. Some things you just stumble upon. So if you're really stuck on something, don't feel bad about checking a guide. Like for example, I often got tripped up with the mailman-related side quest, not realizing what I'm actually supposed to do is drop in on the mayor. If you like time loop games, also check out Outer Wilds.",Argument,"The 'Because' Test: Cites ocarina songs, stray faeries, and the mailman quest to support the advice.",TRUE
"Yes. It's definitely denser than OoT. During your first set of quests, you'll come across a scarecrow which will teach you some songs to manipulate time. These are VERY useful. But you're not forced to talk to it.",Argument,The 'Because' Test: Mentions the scarecrow and time manipulation songs as mechanical evidence.,TRUE
did you like the mask quests in oot? do you want like 40 of them with all kinds of different characters?,Argument,Benefit of the Doubt: Mentions the specific number of mask quests as a verifiable feature.,TRUE
You're asking a community of Zelda fans if you should play a Zelda game. They'll only tell you no if it's a new one that's not like the one they played as a kid anymore. is it still quite enjoyable going into it blind and not knowing much about many zelda games Ocarina of Time is the only required reading here and you say you've already played it so have at it.,Argument,The 'Because' Test: Uses the lore connection to Ocarina of Time as the reasoning for why it's fine to play blind.,TRUE
"You can play it without a guide, that's what Tatl is for. She's your guiding companion.",Argument,Benefit of the Doubt: Cites Tatl as the in-game companion/mechanic.,TRUE
People who love this game are telling you it's amazing and the best game ever. As a big Zelda fan I'll be honest. I struggled and got frustrated when I played it as a kid. I just beat it a few days ago. I like the story and theme and tone. I'm still not a fan of the time mechanic and it's not my favorite Zelda game. That being said I'm glad I finally finished it. It's worth playing but I also used a guide when I was stuck. I got frustrated when I'd complete 75% of a quest only to find out I needed something I didn't have yet. Then I had to reset and start over. So I'd recommend playing it and using a guide if you get frustrated or stuck. Also use the slow down time song. I didn't know of that when I was a kid and never made it past the swamp.,Argument,"The 'Because' Test: Backs up their stance by citing the slow down time song, the swamp area, and the quest reset mechanics.",TRUE
Just getting lost really it didn't feel as bad after the water temple though,Argument,,TRUE
Overall I really like this theory. A few details like the length of the 3 day cycle being inspired by the Johatsu phenomenon seem like a reach. But the main ideas are really interesting and seem plausible to me.,Argument,The Subjectivity Check: Evaluates the theory subjectively without adding independent lore or mechanics.,TRUE
"I can agree with the Jöhatsu, I was doing research on three days in Japan and came across it and could have been an influence on things but I admit it's probably the weakest part of it over all",Argument,Benefit of the Doubt: Refers to real-world historical research as evidence to back up their stance on the theory.,TRUE
"From what we see, the Silent Princesses both grow out in nature and can also be created where the Light Dragon's tears freshly touch the earth. You can find Silent Princesses in areas away from the Tear sites, all over, so they must also grow naturally. The dragon could be responsible for their existence, then they reproduce naturally after that? Zelda's time travel is a closed loop, so this wouldn't be a 'paradox', just a neat coincidence. Ganondorf knows Link and Zelda's names before she even time travels, so it can only be a closed loop since the result is visible before the cause and her travel just fulfills that loop.",Argument,,TRUE
"I meant that Zelda created the flowers as a species. Basically when the first tears were dropped, the flowers bloomed into excistence, and after that they started growing naturaly. Then after millenia, Zelda was born, and she grew to love these flowers, as unknown that she herself was the one that created them",Argument,,TRUE
Zelda had already time traveled by the time we wake up ganondorf for the 'first' time. There is no version of Totk that didn't involve Zelda doing that.,Argument,,TRUE
"I suppose this may be how Impa's ancestor's found the memories to make the geoglyphs, but I don't think Silent Princesses would necessarily mean the area was safe from monsters. The flowers would have to spread their seeds from there since we don't have evidence the Light Dragon shed any other tears until Link found all the memories. This theory also brings a double meaning to Zelda putting her blood, sweat, and tears into the flower bed of Hyrule.",Argument,,TRUE
"What i meant is that Zelda created the species with her tears. They grew where the tears dropped, and then naturaly spread out. Then as the seeds spread out over Hyrule, they only grow in places that are peaceful. In the ending of BotW, we can see a field of them has suddenly appeared after after the defeat of Calamity Ganon, almost like the seeds were dormant, waiting for the land to become peaceful until they start growing",Argument,,TRUE
"But that is kind off what i'm saying. From my understanding so didn't they excist until Zelda turned into the dragon, and with her tears they started blooming. But that was my point with this theory. Since Zelda loves these flowers so much, she essentialy created them into excistence when she turned into the dragon, because as you started her personality is still there. This means that she would be able to find them in the future, as if she didn't turn into the dragon, the flowers would excist",Argument,,TRUE
"This is why Totk disappoints me. It feels like Nintendo revealed that they truthfully put little to no thought into this series and it's storytelling. It kinda sucks seeing how Totk barely links up to the game that came before it, let alone other games in the series. Totk's issues are probably just made even more visible because it reuses the same map that BotW used. Probably wouldn't have been as bad if the game had taken place somewhere else other than Hyrule.",Argument,,TRUE
"Totk wouldn't be so bad if it actually lined up with itself. You can tell it was caused by Nintendo merging the last DLC and what should've been the next mainline game and the teams struggled putting things together. The gameplay does not match up with the themes of the game. There's dropped plot threads everywhere. There's no point for the zonai hand. Multiple players assumed the broken Master Sword would've been used as an always-acessible Fuse handle, which would line up with how Fujibayashi tends to write his games, but it gets thrown away for Zelda. Nothing about the zonai past correlates logically with the present day events. It's mostly just a story used to justify the skydiving finale and shoving the characters along to make it work. The game could've been fairly satisfying even as a standalone title without making references to past ones if it was actually coherent with itself.",Argument,,TRUE
"I feel like I'm the only person on this sub who understands Nintendo makes family games for a family audiences, not epics for hardcore gamers who want to pick apart every part of the lore like it's some religious text. Of course you're going to be disappointed that there isn't some overarching thread connecting the games, because that was never an explicit intention to begin with. From the Zelda timeline zelda wiki entry: 'Famitsu asked series producer Eiji Aonuma, and Breath of the Wild director Hidemaro Fujibayashi what the changes meant, and this was their reply: Eiji Aonuma, series producer: 'Well of course it's at the very end. But, I get what you're asking, it's which timeline is it the end of?' Hidemaro Fujibayashi, director: 'That's... up to the player's imagination, isn't it?' Aonuma: 'Hyrule's history changes with time. When we think of the next game and what we want to do with it, we might think, 'Oh, this'll fit well', and place it neatly into the timeline, but sometimes we think, 'Oh crap', and have to change the placement. Actually, the decided history has been tweaked many times.' (laughs)' - The Legend of Zelda: Breath of the Wild Has Been Added To The Series' Official Timeline, Siliconera. It's clear that the 'official zelda timeline' is just some fun, hypothetical thoughtwork from Nintendo to appease fans and not something that's written in stone that all games will follow or abide by.",Argument,,TRUE
"BOTW had fans theorizing, the devs noticed and acknowledged that and said in an interview that they don't want to give the placement away because they like how people come up with their own things. But they also said that there is a placement, that you should be able to figure out where it is looking in-game, and that it's at the end of a single timeline. Creating a Champion says Link won in OOT, so it's in the adult timeline. TOTK interviews say even more, that they 'don't do things randomly' and that 'the lore isn't meant to be broken down'. Then an EOW interview says that they saw backlash at TOTK'S story and had a 'story bootcamp' for EOW. The idea that they don't care at all about connecting stories is just not true. As is the statement that they never had a timeline till Hyrule Historia, which the devs have said referenced an internal document about the order of things.",Argument,,TRUE
"It might not be set in stone but the concept of an overall timeline is certainly something they consider. The most central storytelling point of skyward sword is that it takes place at the beginning of the timeline, and every other plot point spirals out from this.",Argument,,TRUE
"I know that 'Nintendo never let the timeline decide the games.' I'm not complaining about that. I'm complaining about the fact that BotW doesn't even line up properly or connect properly to Tears of the Kingdom. That both games are incompatible, and that it truly shows that Nintendo doesn't care about keeping their games consistent. Also using 'family games' isn't an excuse for inconsistency between titles. Other family series are able to keep consistent lore just fine. Stuff like Splatoon, or Pikmin (until Pikmin 4 came along and reset everything).",Argument,,TRUE
"I mean, if you play the game it should be evident where and when it doesn't line up with Breath of the Wild or it's established lore. Breath of the Wild cleanly connected to Ocarina of Time. It made reference of it multiple times in multiple spaces- like the road to Zora's Domain, or the Great Plateau's Temple of Time initially being the exact same one from Ocarina of Time. Hell, they were setting things up for Calamity Ganon to be moreso related to Ocarina of Time Ganondorf (both via in-game references and in the MasterWorks/Creating a Champion lore book for the game). Then here comes Tears of the Kingdom, introducing a new founding of Hyrule, and thus making all of these allusions to Ocarina incompatible with the history they established. They changed who the 'man who became the Calamity' was, which also makes it to where none of the other Ganondorfs could exist after TotK's Ganondorf, despite it's Ancient past being the founding of the Kingdom of Hyrule itself (since the book says that there haven't been any male Gerudo made king after the man who became Calamity Ganon). On top of this, the game doesn't make sense within even it's own context (barring the Ocarina of Time stuff). Tons of NPCs forget that Link exists entirely, despite the fact that all the sidequests were canonically done by Link. He bought his house, and yet Bolson doesn't recognize him and acts like they've never met before. Tarrey Town exists, and yet none of the residents even recognize Link in the slightest. The only NPCs to know who Link are were the ones he interacted with in BotW's main story effectively, and even then it's pretty rough. Then you have the fact that everyone ignores that Shiekah tech ever existed, and the only people to mention that the Calamity ever happened was a school teacher and his class. They did this because they wanted people to be able to play Tears of the Kingdom without jumping into Breath of the Wild beforehand, but it feels like a situation where the developers wanted to have their cake and eat it too. I wouldn't be surprised if this was something that probably could have happened with other Zelda sequels if they took place in the same map- but if anything, this is why Zelda sequels shouldn't take place on the same map. If they aren't going to bother having continuity between their games- even when it's a direct sequel, then they shouldn't be reusing the same world as the previous game. As a whole though, Nintendo seems to be doing this across the board with their series. Pikmin did a massive lore reset with Pikmin 4 in order to be 'accessible,' despite the fact that 1, 2, and 3 were fine games to pick up without having to play previous entries.",Argument,,TRUE
"I did play the game. I know many hold this opinion, but personally, I can't agree. There are even several direct references in the game. This even includes the Shekiah tech. I don't think that because it's not mentioned, it is telling us TotK's story is disconnected. Even irl, due to events that are currently happening, we aren't able to focus on things in the past. There are still NPCs who remember who Link is, and the ones who don't, I agree with others that it could just be due to time. Honestly, I have met others more than once, and they forget me in months, lol. With the timeline factor, I do feel it can be explained with the refounding theory. However, some are trying to make it make sense still with the beginning of the timeline, but I do feel refounding makes the most sense. As a side note, I do believe the Temple of Time in BotW, is not supposed to be the same as in OOT. However, I did feel the same.",Argument,,TRUE
"Splatoon has three games, Pikmin has four. Zelda has 21 original titles, 15 of which came out before the concept of a timeline was ever considered by Nintendo. You try piecing together a coherent story from 15 different games that were each designed in their own vacuum more or less.",Argument,,TRUE
"Again, not looking for every zelda to connect together! Read what I am saying. Breath of the Wild should connect to Tears of the Kingdom. However, it barely does. The lore between the two games is disjointed and no thought went behind them to make them connect better.",Argument,,TRUE
Zelda with 21 games across 40 years is still more cohesive than multiple franchises across a 5 year period.,Argument,,TRUE
"You can play the original OoT on Switch 1 via the N64 app, but you need to get the NSO subscription. The remake is Switch 2 only.",Argument,,TRUE
You can play the original oot as a rom on basically a potato of a computer if you learn how to download emulators and have a USB controller,Argument,,TRUE
"It was a remaster, not a remake. A remake builds a game from the ground up, giving it a new vision and a new life. A remaster uses the original's source and improves it. OOT3D uses the original game's source code (which is very clear; the animations, camera movements, feel of the game, everything is just like the N64 version, just improved visually and its performance.)",Argument,,TRUE
"Counter point, look at the huge success of all of Resident Evils remakes. They captured the essence of those games, told the same stories, but COMPLETELY overhauled gameplay - and they are amazing. And they just announced another one for RE: Code Veronica. I want this for ocarina of time, and it's worth the risk that it's just OK. Life will still go on, and the original OoT is not going anywhere. Who cares if the conversation in a decade is 'oh, you're getting into Zelda? Play the original OoT, masterpiece! But the remake from 2026? Oof, hard pass.' See? That wasn't all that hard. And guess what, the original game still exists for any and everybody that wants to play it.",Argument,,TRUE
"The Original is still here. It has been rereleased multiple Times, and Nintendo never removed the original Versions from any store when a Remake was avaiable at the time. Whether or not the Remake turns out to be good, it won't replace it. This Kind of attitude makes me cringe. Games age. Not everyone can tolerate dated Graphics or Design. If the Remake is more accessible, we should not sit there and say they play the wrong Version. Did you had the Same attitude when the 3DS Remake came out? Just be happy new fans get to Experience the game you grew up with, just in a different way. They could play GTA, COD, FIFA or Roblox instead. Being Revolutionary doesn't make a game great or immune to age or criticism. It's Not their fault they weren't Born in that time. I didn't have to be there in 1996 to know how big Mario 64 was.",Argument,,TRUE
"Ive yet to see a remake of a game that legitimately replaced the original, and even if that did happen like... why do you care? What do you personally lose from people liking the reimagining? Its such a strange thing to be concerned about",Argument,,TRUE
It's pretty much a general consensus among the Metroid fandom that Zero Mission replaced the original but that's just because NES Metroid just does not hold up as well as even the GBA sequel. Ocarina of Time holds up MUCH better so there's almost no chance of that happening here.,Argument,,TRUE
"Ocarina of Time is special because it's pure fairytale. Look at how Nintendo has gone back to realism. Fans forget because of the countable polygons, but early 3D games were meant to look real. Likewise, Zelda was meant to feel archetypal. However, just like 3D graphics drifted to something like painterly aesthetics, Zelda drifted to lore upon lore. Another thing fans may have forgotten is that Zelda timeline fascination begins with Ocarina of Time. So, my take is that Nintendo is trying to revitalize Zelda in this archetypal mould, both for a new generation of fans, and in preparation for the rebooting Holywood film. Ocarina of Time is perfect for this endeavour because it is steeped in fairytale conventions more than in lore of its own making. This reset is peddled by the 'generic' narration given in the remake's teaser. Link looks like a boy and less like a videogame mascot. So in short, I think Nintendo is revisiting Ocarina because it's the most fundamental Zelda. There's also a good chance that, for the same reason, the movie will be based most on OoT.",Argument,,TRUE
"To be fair, that remake is crap and has no reason to exist. With OoT, there at least is some sense to the fact that the devs back then were working with incredibly limited tech compared to what's possible now, and maybe the remake will show us a glimpse of what would've been made back then with our current tech. The original Lion King is pretty much 100% timeless. OoT slaps, but the graphical fidelity, its sounds and its music all expose it as an old game.",Argument,,TRUE
"Of course, everyone does, including me! But a lot of the OST was very much meant to evoke the sound of real acoustic instruments, yet this simply wasn't feasable at the time. Properly performed and recorded versions of these tracks could definitely lend a 'prettier' and much more grand, cinematic quality to them. Judging from the trailer, this will not be a 'super duper realistic' game. Especially Link just doesn't have particularly realistic proportions or textures. I think the full game will be closer to a Kena Bridge of Spirits than to a Horizon Forbidden West. If simpler really was better, pong would be the best game ever. Ocarina of Time was quite graphically and sonically detailed in the ways that it could be. Its textures and especially the pre rendered backgrounds don't make me think of 'simplicity'. That's totally valid and I love the models of the characters in the original game too. but they were limited in their ability to convey emotional nuance, for example. I think if they completely redo the cutscenes with proper animation and voice acting, it could absolutely increase the nuance of the characters, and make the story hit harder.",Argument,,TRUE
"Why would it tarnish their reputation? The original will always be there. It's an opportunity to captivate the next generation with the same story we fell in love with as kids, coupled with modern QoL updates and expanded content. The original OoT was my first Zelda and it is very dear to me. I agree that it still holds up, but many younger gamers are turned off by some of the dated features. I think many of us wish we could erase our memories of it and play it again for the first time. This is our opportunity to kind of do so as adults. Personally, I'm looking forward to seeing what Nintendo will do with all the added power of the Switch 2 vs the N64. I really doubt they drop the ball with the crown jewel of one of their most beloved IPs.",Argument,,TRUE
"I feel like Final Fantasy VII Remake put all these fears to rest. Final Fantasy VII has a lot of mythical qualities that Ocarina has. The OG is still around. The Remake is cool. There's no actual issue. There's going to be plenty of reasons why people still play the original. Hell, maybe they play the remake, think the game is cool, and then find out about Ocarina of Time Randomizer. I also think remasters are just a great way for new players to discover these games. There's no marketing for old games. Like how many random youngins played Super Mario RPG because they remade it? It's good stuff.",Argument,,TRUE
"If anything the FFVII Remake is why this fear exists in the first place. It was the first 'remake' that came to my mind as something I would never wish on my worst enemy and the core reason I became anti-remake They took the original game, constructed a new story for it that you won't understand unless you know the original game (the whispers) and re-framed the original story as a bad ending you have to prevent. This confuses newcomers and should infuriate anyone who had any respect for the original. The remake is also just fundamentally a different game that adds a lot of bloat and unnecessary padding to it. I literally have a friend who said 'the original looks dated. I'll just play the remake' end up being utterly confused. He still won't check out the original because his point of it looking dated still stands. On the flipside, if he did check out the original, he'd find out that there was no point to the remake as it didn't even try to be faithful, and the new story is disrespectful towards it. FFVII was not a game that deserved this treatment. If this happened to Ocarina of Time we're in for a new dark age. Remasters are different from remakes. They're faithful in the sense that its still the original code, just polished. OOT 3D was such a remaster. It was still the original game running under the hood, just pushed to 30 fps. If OOT 3D was ported to Switch 2 I'd have no issue. Instead they want to make it 'reborn', and after FFVII Remake I am not sure I want to find out what that means.",Argument,,TRUE
I feel like I'm one of the few who agrees with you. But I am not worried about it replacing the original or because of its mythical status. I am just plain tired of how so many video game remakes are coming out these days. We should be championing original games (for every series) and not just remaking the same things over and over. Port the old games to modern consoles for preservation purposes and leave it at that. I question the blind acceptance everyone puts into remakes and their necessity to exist. I have shared this opinion in several places since the OoT reveal and many people can't seem to stomach it.,Argument,,TRUE
"Thats my issue. Zelda is so overdue for a new game in the classic style, but once again they just remake or remaster an old game versus investing the effort to make something new. No, OOT does not need a switch 2 remake. It holds up fine with the 3ds version. At most that version should be ported over. They absolutely can make a glorious new classic zelda game on hardware thats roughly three generations ahead of the last classic 3d zelda game. They could release that kind of game (to great success) in addition to the open world games, but it is easier to milk nostalgia with remakes instead. When OOT remake succeeds, I expect them to start planning further unnecessary remakes. Anything to avoid brainstorming a new game that follows the classic style.",Argument,,TRUE
"The people behind Zelda have implied in various interviews that they do not intend to ever go back to classic Zelda, even going so far as to question why people would even want that (once again, showing how out of touch they are with a large portion of their audience, like always.) So our best bet at ever getting a new, but classic 3D Zelda is a reimagined remake. Sad as that is, that's Nintendo for you, and personally I'm excited for the chance to have a new instance of classic Zelda in remake form, considering that getting any of that is extremely unlikely otherwise.",Argument,,TRUE
"Aonuma said that. He's a mechanical engineer at heart. Of course he prefers the technical marvel of a physics sandbox. He's the one that Miyamoto had to keep on a leash to keep the lore consistent. The man wanted to quit after Wind Waker and has been stuck making Zelda games since. He's definitely good at his job, but he's never understood the human element of it well.",Argument,,TRUE
"Fujibayashi also shared the sentiment, sadly, saying that it'd feel restrictive, or like a step backwards. While Miyamoto never shared that exact sentiment, he did say that the Wilds gameplay was the closest thing to what he had originally imagined for the franchise. I love a lot of Aonuma's work - I think MM and WW are amazing, but I think his best work was as a level designer rather than in his directorial decisions. He seems a bit closed off to anything that isn't his current, immediate idea, but at least those ideas feature some variety over time. Fujibayashi... not so much. To me, his games are the ones that seem to miss the mark in the most areas, and his range of variety in design and style seems the most narrow. Really would love to see someone new pick up the direction at this point - maybe someone who can see the pros and cons of the full picture, rather than someone who fully leans into only their current ideas.",Argument,,TRUE
"No. Take Resident Evil 1 Remake. Takes the original and basically makes it even better. Remixes it, adds new puzzles, increases the difficulty, adds new enemies and dangers, crimson heads. I've played OoT so many times I know every puzzle and every pixel of that world. If they're going to remake it it's pointless unless it's a REmake 1 style remake which would be utterly glorious. Sorry not sorry.",Argument,,TRUE
"I do see where you're coming from, but I don't really think that there's anything to be lost overall from remaking OoT. And, to be clear, I don't always agree with the idea that a remake can't threaten the original. The OoT remake can't displace the original, because the original is a 'set' experience, if that makes sense. This is the case for most remakes for games without massive modding communities. The only real remake that I ever feared displacing the original was Oblivion Remastered, because I was worried that the Oblivion modding community would leave the OG for it. Luckily, that didn't happen. With a game like OoT, where it isn't really centered around some modding community breathing new life into it after so long, the worst that can happen is a change in what first pop up when you look up guides or wikis for OoT. There is no massive modding community that risks being lost here, so OG OoT doesn't lose out on anything. The other argument that I think could be made is that the OoT remake will have been a waste of resources if it turns out bad, but then you have to ask wonder if a WW remake or a TP remake would have gone over any better. If they can't remake the quintessential game in the series in a satisfactory way, then no remake was ever going to turn out well. Oh, I guess another risk for the remake is that it drops some terrible retcon that seriously hurts the story. That'd definitely be an annoyance, but the fact that the Zelda games are so disconnected means that you could mostly ignore it aside from a few references here and there.",Argument,,TRUE
"??? Ocarina of Time Randomizer? That's a massive community, both competitive and casual. Seriously just go on twitch on any time of day and look up Ocarina of Time and there's a bunch of people racing the randomizer. Even aside from the randomizer, there is a large modding community for Ocarina of Time. Don't get me wrong, they aren't really threatened by a remake. Modding the remake would just create its own community, which would likely be less interesting because there would be fewer weird glitches and tricks you could do with the new game.",Argument,,TRUE
"Sorry, but I should have been more clear. OoT has things like the randomizer, but Oblivion has things like new armor sets, new races, new dungeons, new questlines, and even, albeit very rarely, new worlds. To my understanding, though I don't follow the randomizer community at all, the randomizer focuses more on randomizing what's already there, rather than adding new content to the game. The OoT analogue, I think, would be ROM hacks more than the randomizer. OoT's ROM hacks largely fill the same purpose as the bigger quest mods, but I would assume that the process of modding the remake would be very different from making ROM hacks for the OG. It would be an alternative, rather than a flat upgrade, so there'd be a pretty big chance of the OG ROM hacking community surviving and staying with the original, rather than picking up and moving on to the remake. One undercurrent of thought that I ran into back in April of 2025 was that the Oblivion Nexus Mods community might end up moving on to the remaster, meaning that the original game would no longer get these massive content expansions by default. At best, you would have authors make mods for both communities, but with the primary focus being on the remaster. In the end, though, the remaster was unable to supplant the original for whatever reason.",Argument,,TRUE
"The fact that it is 'imperfect and dated' are reasons enough for a remake to be made. So what if the newer version become the definitive version? A literal better and more polished version of the original? What would be bad about that? It doesn't take anything away from the importance of the original. If Ocarina indeed is one of the best games of all time (which I honestly don't disagree with, it's really darn good), then it deserves to not be stuck at 20fps on a 30 year old hardware.",Argument,,TRUE
"There is already a remake for the 3DS and it didn't erased the original at all. I played both and the 3DS version has all the content from master quest and a boss rush mode, so it is the most complete version but I prefere the original for the art style. Almost the same goes for the MM remake on 3DS, but there somethings are different and o prefer the original and it's darker tone. Pehaps you should see it as a new interpretation that is coming to add not to replace, because people who love retro games can and will find the way to the OG from 98.",Argument,,TRUE
"Fully agree with you but I don't think the mob will. Ocarina of Time is a timeless game. It paved the way for many other games in the industry and popularized systems that are common today while still being solid if you look back on it. Games like these are too grand to be remade. The remake can, by virtue of coming out in a new era, never capture the effect OOT had again. The OOT Remake is a remake that Nintendo wanted to make because OOT is popular - not because it needed to be made because it frankly doesn't.",Argument,,TRUE
"Maybe it's because of the fact you have control over the main action? When you come form playing a modern game and then have to move that oot camera there is some major using to it to be made, but yeah if you do then it'll be a hell of a ride. Last time I played it was some years back after my first play of Botw and getting into it took a bit, but of course I knew how great oot was already so I just kept into it until it clicked again. Also cultural forms are tied to their technology and that will effect on the main audience. Books not so much )because language changes slow) but go read some medieval literature and you'll have to make a major effort to get into it nonetheless. I don't see much people going back to the movies from the fifties unless they are specialised audiences that love those films or some snob people that want to be cool and watch them drinking a bottle of red wine as if that made them more cultural lol. Most will go 9 out of ten times to the next Netflix series the smart TV is sugesting them to watch you know, let's be real",Argument,,TRUE
"Sure a remake OOT could have quality of life improvements like better camera controls and gyro aiming etc. But what about the content? The original is kind of sparse in text, but every line is impactful. It feels sort of mysterious. I worry overproduced cinematics would water things down. Same with the art style - I prefer a more abstract, cartoony look that has some whimsy to super detailed realistic animation. There is something in the technical limitations that has such charm to me. That's not even touching the puzzles and gameplay. Pushing blocks around and collecting tokens can be fun but it feels a little basic for a modern game, so how much are things going to change? I'm very curious and of course I will play it. I will add I only played the original OOT and MM after getting in to Zelda through BOTW and still think they are fantastic as they are.",Argument,,TRUE
"Yes, Ocarina of Time was amazing game when it came out back in November 1998. It holds a special place for many of us elder Millennials. I actually brought my N64 to be able to play Ocarina of Time back in 1998. It was an amazing experience on a CRT TV. That being said Ocarina of Time could definitely benefit from getting a Remake. What is wrong with giving some voice acting, so you can experience the game where many different characters actually speak the dialogue to you, which wasn't really possible given the data limitations on the N64 cartridges. I preferred the option in the ability to equip or unequip my Iron Boots simply pressing a button in OoT 3D, than having to pause my game press either R or Z to find the equipment screen to put on the Iron Boots in the original game. What is wrong with having Ocarina of Time in 4K or 60 FPS? There are certain times that OoT couldn't handle 30 FPS on the N64. There is nothing wrong with you playing Ocarina of Time on your N64 hooked up to your CRT TV.",Argument,,TRUE
"No, because we literally don't have any point of reference as any of the games happen... Creating a champion had good and direct hints of where we could pin point OoT, the same cant be said about master works. All we know from CaC is that OoT happens around the era of myth so all other games in the timeline happen around that time too.",Argument,The 'Because' Test: Uses 'Creating a Champion' lore book as evidence to answer why.,TRUE
"Does the Master Works timeline confirm a True Founding? No, it confirms the Refounding theory by saying there have been no male gerudo leaders since TOTK Ganondorf in the founding era. Ardi is made leader of the Gerudo because Ganondorf betrays the Gerudo. The Gerudo also remember that Calamity Ganon was once a Gerudo and feel deep shame towards the royal family of Hyrule. But first of all, that doesn't make much sense, as there are several pieces of evidence that point towards the Zonai being Hylian's ancestors. Well firstly that's not presented in any sort of credible way and secondly, yes, there are Hylians after the zonai. This legend would be about these Hylians, it's a legend of this land. And if Hylia gave the Zonai the secret stones, it makes sense she did it while she was still alive in physical divine form (aka long before Skyward Sword). After SS, she only existed as a spirit... so did she somehow keep the Secret Stones in spirit form, for thousands of years, until the Zonai popped up on the surface? You're basically asking if she did her job, the one divinely mandated by the Old Gods onto her. Yes, she watched over the Secret Stones as she was commanded. She didn't hand them over until the Zonai, who themselves might be demigods. I don't see why it makes more sense that she did this while alive, she has no problem handing things out (Heart Containers and Stamina Vessels), directly interacting with the world (sealing the Horned Statue at some point and then moving the Horned Statue multiple times between BOTW and TOTK) and even directly speaking with people from her statues as she does multiple times in BOTW. The zonai worshipped her, no reason to think she couldn't give them the stones. It says that Hyrule prospers and that Calamity Ganon appears, and under there (in the midle of a double-wavey line mind you, meaning a long time passed), it says 'Ganon is revived and sealed away again many times'. The fact that it starts with Calamity Ganon means 'Ganon' thereafter refers to Calamity Ganon. It's referring to the calamity cycle. Impa mentions that there are countless legends prior to the one 10,000 years ago and that the people of that time 'thought it wise to utilize their technological prowess to prepare for Calamity Ganon's inevitable return', because it is a cyclical battle by that point. We're told that 'the history of the royal family of Hyrule is the history of Calamity Ganon'. The story is that CG has almost always been there since the sealing of Ganondorf. Obviously there's some gap time before the first instance and in between, but this cycle of CG vs the royal family is defining to this kingdom. The Deku Tree is said to have watched over the MS since time immemorial and it's wondered how many heroes he's seen come for the sword. The CaC timeline says Hyrule flourished, that Ganondorf appears and becomes Ganon, and that 'Ganon is revived and sealed away again many times'. CaC's timeline includes the Era of Myth and OOT. TOTK MW doesn't. In the CaC timeline, since it's including the era of myth and nothing is known about prior to 10,000 years ago, it's placed 'more than 10,000 years ago'. In TOTK MW it isn't including the era of myth, the '10,000 years ago' and 'more than 10,000 years ago' cover the founding era seen in the game and the sheikah golden age spoken of in BOTW.",Argument,,TRUE
"1. Aol shows us that there are multiple Gerudo factions. The OOT Gerudo are distinct different from Wild Gerudo. Maybe there hasn't been a Gerudo leader in the Wild faction, but one can still have existed in another one. Besides, how on earth would anyone know Calamity Ganon came from TOTK Ganondorf, when he never took the form of a pig, and the knowledge of his seal itself was so hidden that even the Royal Family eventually lost that knowledge? Makes much more sense that CG is the one that actually terrorized history and that history didn't erase. 2. There are multiple parts in the book where characters speculate and claim popular theories that the Zonai are the ancestors to Hylians. There are no such statements of the opposite being the case. Why dismiss that as if it doesn't matter at all, or in this case, as if it matters less than that which has no evidence whatsoever? 3. The point is that the Zonai's history started on the surface. Why would they suddenly pop into existence after the entire Era of Myth? Why didn't Hylia give the Secret Stones to anyone else then, like the Oocca who are also said to have been divine and close to the gods? 4. No not necessarily, because CaC also states that Ganondorf in OOT turned into Calamity Ganon. Countlesd legends before 10 000 years ago can just as well refer to the many times Ganon resurrected in the downfall timeline. As I mentioned above, it makes much more sense in terms of charcter knowledge that Ganon = Calamity Ganon, instead of some new Ganon that just happens to have the exact same name as the previous great evil of the land (a great evil that everyone somehow just forgot about). There is nothing that confirms that Ganon and Calamity Ganon are different. In fact, as mentioned, CaC claims they are one and the same, just that over such a long time, Ganon became more and more mindless, so most linely he eventually started being known by the name Calamity Ganon instead. 5. Ok, but names of periods being different doesn't matter much. Hell, in CaC alone there are two different names used for the old times in two different places in the boon: The Distant Past and Era of Myth. The fact is that you cannot deny the extremely similar phrasing in the two eras on both timelines.",Argument,,TRUE
"Besides, how on earth would anyone know Calamity Ganon came from TOTK Ganondorf, when he never took the form of a pig, and the knowledge of his seal itself was so hidden that even the Royal Family eventually lost that knowledge? I'm confused, why are you arguing with Urbosa? We don't need to go into any of that in the first place because Urbosa says 'Calamity Ganon once adopted the form of a Gerudo'. You're basically saying 'well that makes no sense that you remember that because...' and it doesn't really matter, right? Why dismiss that as if it doesn't matter at all I'm not sure why what I said would make it 'not matter', it would still be relevant if the zonai were just the ancestors of this batch of Hylians. I still stand by what I said about it not being presented in a credible manner. The point is that the Zonai's history started on the surface. Why would they suddenly pop into existence after the entire Era of Myth? I don't see what these two sentences have to do with each other? Why didn't Hylia give the Secret Stones to anyone else then, like the Oocca who are also said to have been divine and close to the gods? Did the Oocca worship Hylia? And Mineru says the Zonai obtained the secret Stones from their God ancestors, which would mean the zonai are descended from Hylia. This is like asking why give your heirloom to your children instead of a stranger. No not necessarily, because CaC also states that Ganondorf in OOT turned into Calamity Ganon. That was retconned by TOTK. Impa says that 'the calamity was the demon king of ancient times returned to life in the form of hatred manifest'. We also know from BOTW that CG rose from beneath Hyrule Castle, where the seal is. Countless legends before 10 000 years ago can just as well refer to the many times Ganon resurrected in the downfall timeline. No, Impa is specific that she's referring to Calamity Ganon. Calamity Ganon is a specific being, it's the malice entity without a body. Remember that Rhoam says 'the demon king was born to this kingdom, but his transformation into malice created the horror you see now'. CG is a malice entity. Plus the legends also specify the sacred power of the royal family being present, even showing the Triforce appear before the princess in the tapestry, which we never saw in any other game. The sword also wasn't watched over by the Deku Tree in Korok Forest in any of the other games and it wasn't known as 'the sword that seals the darkness' or used to seal CG. There is nothing that confirms that Ganon and Calamity Ganon are different. 'Ganon', in the context of Calamity Ganon, can refer to Calamity Ganon. Like how, when talking about Ganondorf, sometimes people refer to him as Ganon. But there's a fundamental difference between Ganon (referring to the Demon King form, not the nickname here, Hyrule Historia makes a distinction, both nickname and form) and Calamity Ganon, that being that CG is a malice entity with no body. Ok, but names of periods being different doesn't matter much. I'm not saying 'the periods have different names', I'm saying the two timelines cover different content. CaC's timeline includes the era of myth. TOTK MW does not. CaC is explicitly referring to OOT, OOT is not in the TOTK MW timeline and that text is referring to what the timeline is actually covering.",Argument,,TRUE
"1. Because there is a difference between becoming the Calamity and being the source of the Calamity. Totk Dorf is the source of the Calamity/Ganon. OOT Dorf is the one who became Ganon. The OOT Sages are remembered in myth - the TOTK sages are not. Ganon terrorized Hyrule for generations - TOTK Ganondorf never transformed into Ganon and his history was erased. All of this thus makes it make sense that Urbosa is talking about OOT Ganondorf. The Gerudo shape Calamity Ganon once took is OOT Ganondorf. TotKk Ganondorf never took on a Ganon shape, and thus Calamity Canon never took the form of TOTK Ganondorf. 2. What do you mean 'this batch of hylians'? We're talking about the biological ancestors to Hylians as a race. The Zonai have ears even longer than Hylians, they are more advanced, they share a connection to Hylians (they can mate) and there are multiple places theorizing and hinting to the Zonai being the ones who came first. Quite straight forward. All of that simply cannot be ignored, and having them be ancestors of 'one batch of Hylians' is not hinted at anywhere nor makes no sense. 3. Their history start on the surface. So if they're a race closer to the gods, more advanced than Hylians, and seemingly more ancient than Hylians, how does it make sense that this race just shows up on the Surface long after the other games? Did they pop into existence? Meanwhile, the other way around actually have claims: Hylians evolved from Zonai who were here first. 4. And if the Zonai descended from Hylia, and if the Zonai worshipped her as much as they did, it would make much more sense that this happened while she was alive and roaming the surface, living alongside them. 5. Again, it's a difference between becoming Ganon and being the source of Ganon. And yeah, the timeline on MW says Calamity Ganon appeared while the CaC timeline says Ganon appeared. But this is changed because of Zelda's new context from her journey. They learn that TOTK Dorf is the original Ganondorf and that Ganon comes from him - which includes OOT Ganon. Besides, CaC also says on another page that 'Ganon, having long lost his reason, becomes Calamity Ganon', indicating that Ganon and Calamity Ganon is thr same thing. 6. Calamity Ganon did have a body. It's only in the latest resurrection we hear he doesn't have a body, hence why it is actively trying to recreate one. Calamity Ganon did have a body originally: OOT Ganondorf. It's very plausable that Calamity Ganon was actually destroted/defeated 10 000 years ago, since it took so extremely long for him to come back. And when he did, he arose from beneath Hyrule Castle - because this one from 100 years ago was a new Ganon, without a body to 'posess' like it did the first time around. This would mean that, until TOTK Dorf is defeated, new Ganons would keep being manifested. 7. MW doesn't have the Era of Myth because the era is no longer myth. Hyrule's founding and the Zonai history is all part of the old era of myth. Now that era has tons of new information, thus it's not the era of myth anymore. However, the summarized details in the Era of Myth and More Than 10 000 Years Ago is almost identical. That's what's important. They are the same events.",Argument,,TRUE
"Era of Myth wasn't just Ocarina's events. It was the entirert of ancient events they no longer had proper records of, aka everything after creation to the end of the known timeline. That includes the other games, the forging of the Master Sword, Hyrule's founding, etc. All they had some knowledge of beforehand was Ganondorf and the sages, which is why the Ocarina sages are remembered even in the present day Wild games - which again shows one of my many refounding issues. If the myths of OOT Ganondorf existed, why did literally no one raise an eyebrow when a new Gerudo male named Ganondorf came along? And if CaC is written as a mix of developer notes and in-universe characters' knowledge/theories, and CaC claims OOT Ganondorf became the Calamity, then that means they still have knowledge of OOT Ganondorf to this day, and thus, that this is who Urbosa is talking about. If she talked about TOTK Ganondorf, then her knowledge of that should be featured in CaC. But she indriectly learned something about OOT. She learned there was a Ganondorf even before that one, and that this first one is the source of the Calamity. This is why it's not called that on the timeline anymore. And yes, the old Era of Myrth is between the founding era and 10 000 years ago. That's my point of this post. If you again look at the two timelines, the CaC timeline says that Hyrule was advanced due to the Sheikah tech at 'More than 10 000 years ago'. In the MW timeline, that description is placed in 'AROUND 10 000 years ago', alongside the great calamity's events. Whereas the great calamity happened in the '10 000 years ago' part in the CaC timeline. Not 'around', but just '10 000 years ago'. Things are thus structured differently in the two timelines due to Zelda's new huge history info. And so, the name of the era being the same between timelines isn't very important. The important part is that the descriptions are the same, they describe the same events, and both timelines have an event where Hyrule prospered and Ganon appeared, and was sealed and revived countless times. It is the same event - aka Ocarina of Time and onwards. And on the MW timeline, it happens after the Zonai history Hyrule's founding.",Argument,,TRUE
"But it is on the timeline. CaC timeline description of The Distant Past/OOT's events: 'With powers of the hero and the royal family, Ganon is sealed. Ganon is revived and sealed away again many times' MW description of More Than 10 000 Years Ago: 'Calamity Ganon appears. Thed royal family and the hero combine their powers to seal Ganon away. Ganon is revived and sealed away again many times'. Aside from some small phrasing differences, it's literally the exact same thing. Now I know 2 things can be said on this, so I'll answer both right away: 1. Why isn't it callef Era of Myth on the MW timeline then? Because, as mentioned before, the name of the era doesn't matter, because the name of the time isn't consistent between timelines. Within CaC itself, one timeline used Era of Myth, abother uses Distant Past. Even across the books, names of periods change. The great calamity 10 000 years ago is in Era of Fairytales in CaC, while in MW it's in Ancient Hyrule. 2. MW says Calamity Ganon appears, not Ganon. True, but Calamity Ganon and Ganon are uses interchangeably. Even in-game, BOTW refers to it as Calamity Ganon, yet the main quest is 'Destroy Ganon'. It's another reason why I'm fairly sure Calamity Ganon = Ganon",Argument,,TRUE
"I said this already, but no, MW is talking about Calamity Ganon there. The calamity cycle. CaC was talking about OOT Ganondorf's demon king form Ganon. Not the nickname, the form. It literally spells out the story of OOT. I'll just address point 2 since it attempts to cover the above: MW says Calamity Ganon appears, not Ganon. True, but Calamity Ganon and Ganon are uses interchangeably. No, Ganon is used interchangeably with other names featuring 'Ganon' in it. But no, 'Calamity Ganon' is not used to refer to the opposite. CG is a malice entity with no body as I've already given you the dialogue proof for. I think you said something about 'no, just the last one had no body', but that's just not true per the King Rhoam quote I gave you, but also per Impa's dialogue in TOTK: 'the calamity was the demon king of ancient times returned to life in the form of hatred manifest'.",Argument,,TRUE
"1. No evidence of this and both factions are still part of the same tribe. So no, the Wild era Gerudo come after the OOT ones, no Ganondorf after the Wild era one, so the OOT one predates him.",Argument,,TRUE
"Wasn't the True Founding (I'm assuming it entails Totk's backstory/past taking place before the older games) disproven long ago? Anyway, BotW already established Ganon having been sealed time and time again. That does not need to be about older entries.",Argument,,TRUE
"It wasn't. There are some things that are/appear as inconsistencies with the idea of a True Founding, but it hasn't been disproven. Similarly, the idea of a Refounding hasn't been proven, and also has/appears to have issues itself.",Argument,,TRUE
"None of this is true. The game itself disproves True Founding by showing a number of different things, like the Gerudo already having evolved to mostly have pointed ears in the founding era, the Rito existing, this clearly being a different founding of Hyrule where a(nother) reincarnation of Ganondorf is around, the Gerudo no longer doing the whole king thing from this founding era, the royal family necessarily living in this new castle since shortly after this founding of Hyrule to protect Rauru's seal below, the Master Sword being stuck in place in Korok Forest and watched over by the Deku Tree since time immemorial, etc. The devs were asked if this founding era fits early in the timeline and the response they gave was that the lore isn't meant to be broken down and to theorize under that premise, then suggesting Hyrule was destroyed before the founding era in TOTK. Refounding does not have any issues, just people nitpicking about their feelings on things. It actually resolves all the issues.",Argument,,TRUE
"That stuff doesn't actually disprove a True Founding. Some of it is stronger evidence against it than other things, but none of it actually disproves a True Founding given how comfortable Nintendo is with things only roughly fitting (see the Imprisoning War from ALttP and its connections with the broader series). Gerudo ears being that way due to evolution is only one possibility, it could be spiritual Rito existing only matters if you assume this is the Adult Timeline, otherwise it's a different people If the Rito are a different race than Wind Waker's, they could easily have just been off screen, like how EoW had various races off screen from ALttP's map (A) Ganondorf could easily exist during the founding of the Hyrule as seen in Ocarina The king thing is probably the harshest evidence against a True Founding, but in part it depends how you read certain lines (and a bunch of translations would be useful) Ocarina Ganondorf could be the 'first calamity' that was the last Gerudo king could keep going, but I'll stop there. The overarching point is none of this actually disproves a True Founding. In regards to the interview, iirc there are multiple slightly differing translations (is there a potential history of Hyrule having fallen, or a history of destruction in a more general sense, or a loss of history, etc), and considering the question itself was at least in part about Skyward Sword of all things... eh.",Argument,,TRUE
"The interview wasn't about Skyward Sword, it was about the timeline. Skyward Sword was only mentioned to say 'SS is the beginning and BOTW the end, could the founding era be a sort of origin story as well?', which the devs say breaks series lore. The interviewers surrounding TOTK had a general trend of assuming True Founding and trying to place the founding era at any early point in the timeline they could and each time they were denied by the devs. In this case they asked if the founding era in TOTK is early in the timeline like SS, to which they were told to theorize under the premise that nothing is supposed to break, then suggesting Hyrule was destroyed before the founding era. In another they were asked if the tears were a retelling of OOT, to which they were told Ganondorf is an example of the series's concept of reincarnation, where a soul is passed down so people act similarly throughout the ages. In another they said that sometimes they create a story with a certain intent and then fans interpret it differently, which I take to be a continuation of the TOTK interview about breaking series lore. The spiritual possibility is just a superstition. The 'prevailing theory' is interbreeding giving the Gerudo more hylian traits. CaC says Link won in OOT on page 401, so yeah, adult timeline. adult timeline Ocarina of Time is generations out from the founding of Hyrule. It literally says 'none since the one who became the calamity' and we know that is TOTK Ganondorf because Impa says in TOTK that 'the calamity was the demon king of ancient times returned to life in the form of hatred manifest'. We also know CG is a malice entity with no body. OOT Ganondorf doesn't ever lose his body.",Argument,,TRUE
For those interested this video has the creator commission a top firm in Japan to translate the interview about Totk's flashbacks. It also raises the possibly Fujibayashi was referring to the destruction of the Ancient Zonai as the devs apparently decided on the full scope of the Imprisoning War during the development of Totk.,Argument,,TRUE
Just look at the two side by side. CaC's 'More then a 10K years ago and 10k years ago - Era of Fairy Tales' are summarized in TotK MW under 'Around 10K Years ago - Ancient Hyrule' CaC's 'Long Ago - Era of Myth' starts with ' the Kingdom of Hyrule flourishes under the rule of Hylian Royalty'. Totk's 'More than 10K years ago' starts with 'Hyrule Kingdom prospers under the Hylians' Those two lines are interchangeable and would point to those being the same point in time being referenced,Argument,,TRUE
"Those two lines are interchangeable and would point to those being the same point in time being referenced The two lines are gone into... If people would actually read the book this would be so much easier. In CaC it's talking about OOT Ganondorf, even detailing the events of OOT. This is placed in 'Long Ago' in the era of myth. It doesn't say Calamity Ganon there in this instance. It says Demon King Ganondorf transforms into Dark Beast Ganon and then Ganon is sealed and revived many times. In TOTK MW it mentions Calamity Ganon before saying 'Ganon' is revived and sealed many times. Cac had a page dedicated to detailing OOT and the era of myth was on the timeline. TOTK MW does not include the era of myth or OOT. It just includes information pertaining to this kingdom. Originally OOT Ganondorf was the source of Calamity Ganon, but TOTK retconned this. But the only thing that 'confirmed' it was OOT Ganondorf in the actual game was the compendium entry stating CG was once called the Great King of Evil. Nothing else is really explicitly 'OOT Ganondorf'. Urbosa just says 'Calamity Ganon once adopted the form of a Gerudo' and that Naboris was named after Nabooru. Rhoam just says 'the demon king was born to this kingdom, but his transformation into malice created the horror you see now'. One of the Zora stone monuments references OOT, but nothing connects that story to Calamity Ganon, it just says Ruta was named after Ruto. It is really just CaC that says Calamity Ganon was OOT Ganondorf. The next game retcons the book and the next book backs that retcon.",Argument,,TRUE
"So where does 'Long Ago - Era of Myths' go on the Totk Timeline? The entirety of CaC's timeline (minus Era of Myths) is summarized starting at 'Ganon is revived and sealed away many' and ending at 'Link awakens at/inside the Shrine of Resurrection' on Totk's timeline. If you wanted to remove that Ganon line, it summarizes everything between 'Civilization is advanced thanks to the Sheikah technology' to 'Link awakens at/inside the Shrine of Resurrection' So if the 95% of CaC's timeline has been summarized, some points being word for word, why suddenly would the other 5% that are also listed word for word, in the same order as given in CaC, not also be included?",Argument,,TRUE
"It doesn't need to say Era of Myth. As the dude mentions, the details themselves match perfectly. Just because the name Era of Myth isn't there doesn't mean it's not talking about the same events. Even within CaC itself, they use different names. On one page they use The Distant Past, another place they use Era of Myth. And, the Era of Myth refered to all events pre-great Calamity that was all unknown. The period of Hyrule's founding and the Zonai history was part of that very same Era of Myth. Now that information is not myth anymore, and so, the name no longer fits. The history of the first incarnations of Ganon is still vague, hence why the description is almost identical in MW and CaC. But it's no longer an entire era of myth, but rather a smaller period of unknown history.",Argument,,TRUE
"Just because Totk Ganondorf being the source of malice and Calamity Ganon does not retcon what is stated in CaC. Three of the four Divine Beasts were named after OoT Sages, meaning that OoT happened regardless and those events still held importance when the sheikah made the divine beasts. And since Ruto wasnt retconned into being the zora sage in Totk. We are left with a few options. 1. The events of OoT are more recent than the sealing war to the time of the divine beasts being built, so those sages are less myth than the Totk sages. 2. The events of OoT are older but are historically more important than the sealing war so details of them survive into a refounded kingdom and are deemed more important than the sages and events that spawned the calamity.",Argument,,TRUE
"It does not say 'era of myth' anywhere on there. It also does not talk about OOT. Instead, TOTK Ganondorf is now the source of Calamity Ganon. These are facts. Are we to say that since CaC's 'a little more than 100 years ago' that states the queen of Hyrule dies is not listed on TotK's 'around 100 years ago' that the queen isn't dead? Zelda's mom dying isn't a little tidbit only found in CaC that was retconned.",Argument,,TRUE
"I mean, we see for ourselves that this kingdom has changed quite a bit over the course of thousands of years, it's not like the kingdom was originally like the old one. Hylia's influence is strong in this kingdom, it's not surprising that there are similarities in the kingdom because of this.",Argument,,TRUE
"Literally two of the three lines in 'Long Ago - Era of Myths' is on in Totk's timeline under 'More than 10k years ago', it is just being summarized. The 'Era of Fairy Tales' is now 'Around 10k years ago - Ancient Hyrule' which is directly following 'Long Ago - Era of Myths' - 'More than 10k years ago'. It isn't missing, it's been summarized. Are we to say that since CaC's 'a little more than 100 years ago' that states the queen of Hyrule dies is not listed on TotK's 'around 100 years ago' that the queen isn't dead?",Argument,,TRUE
But the system is well thought out so you can't cheese a segment in a day.,Argument,,TRUE
"You mess up, you gotta restart the day. That's part of the challenge.",Argument,,TRUE
"There's always something achievable in every cycle. Grinding rupees for the bank, getting a new note in your book, or sometimes just spending time following a specific character around and seeing what they do!",Argument,,TRUE
If you have NSO on switch it has save states which makes it less daunting,Argument,Benefit of the Doubt: Uses the NSO save state feature as verifiable evidence.,TRUE
Just use the reverse song of time and it is never an issue like ever.,Argument,The 'Because' Test: Specifically cites the reverse song of time mechanic.,TRUE
"The time limit doesn't necessarily make it harder, it just changes how you approach the games and puzzles.",Argument,,TRUE
The time limit is more of a mechanic about making choices for a given cycle rather than a difficulty stressor.,Argument,,TRUE
The game is built around a 3 day cycle where you choose what you want ti accomplish.,Argument,,TRUE
"It's a lot more time than it sounds like, and there are ways to further manipulate time.",Argument,,TRUE